sampleID,District,color
M03_HAM14-373-D0,AG,red
M03_HAM14-399-D0,AG,red
M03_HAM15-061-D0,AG,red
M03_HAM15-075-D0,LO,blue
M03_HAM16-076-D0,MZ,green
M03_HAM16-084-D0,AG,red
M03_HAM16-097-D0,AG,red
M03_HAM16-116-D0,AG,red
M03_HAM16-221-D0,AG,red
M03_HT25082010-02,CT,yellow
M04_HAM14-407-D0,AG,red
M04_HAM16-058-D0,LO,blue
M04_HAM16-077-D0,AG,red
M04_HAM16-126-D0,LO,blue
M04_HAM16-128-D0,AG,red
M04_HAM16-134-D0,AG,red
M04_HAM16-137-D0,AG,red
M04_HAM16-286-D0,AG,red
M04_HAM16-381-D0,AG,red
M04_HAM16-383-D0,AG,red
M04_HAM16-444-D0,AG,red
M04_HT02032011-03,LO,blue
M04_HT06012013-07,AG,red
M04_HT15032011-09,AG,red
M04_HT17032010-01,AG,red
M04_HT18032010-05,AG,red
M04_HT19032010-10,AG,red
M04_HT21012013-05,AG,red
M04_HT22012013-12,AG,red
M04_HT25022011-03,LO,blue
M05_HAM14-013-D0,AG,red
M05_HAM14-014-D0,AG,red
M05_HAM15-019-D0,AG,red
M05_HAM16-132-D0,AG,red
M05_HAM16-145-D0,AG,red
M05_HAM16-149-D0,LO,blue
M05_HAM16-160-D0,AG,red
M05_HAM16-168-D0,LO,blue
M05_HAM16-197-D0,AG,red
M05_HAM16-233-D0,AG,red
M05_HAM16-276-D0,MZ,green
M05_HAM16-292-D0,LO,blue
M05_HAM16-375-D0,LO,blue
M05_HAM16-424-D0,CT,yellow
M05_HAM16-430-D0,AG,red
M05_HAM16-496-D0,AG,red
M06_HAM15-055-D0,AG,red
M06_HAM15-106-D0,AG,red
M06_HAM16-003-D0,AG,red
M06_HAM16-010-D0,AG,red
M06_HAM16-012-D0,LO,blue
M06_HAM16-013-D0,AG,red
M06_HAM16-014-D0,AG,red
M06_HAM16-019-D0,AG,red
M06_HAM16-030-D0,LO,blue
M06_HAM16-039-D0,AG,red
M06_HAM16-053-D0,AG,red
M06_HAM16-054-D0,MZ,green
M06_HAM16-060-D0,LO,blue
M06_HAM16-064-D0,LO,blue
M06_HAM16-066-D0,AG,red
M06_HAM16-067-D0,LO,blue
M06_HAM16-078-D0,AG,red
M06_HAM16-082-D0,AG,red
M06_HAM16-098-D0,AG,red
M06_HAM16-101-D0,CT,yellow
M06_HAM16-122-D0,AG,red
M06_HAM16-127-D0,AG,red
M06_HAM16-135-D0,AG,red
M06_HAM16-179-D0,MZ,green
M06_HAM16-205-D0,LO,blue
M06_HAM16-246-D0,AG,red
M06_HAM16-264-D0,AG,red
M06_HAM16-313-D0,LO,blue
M06_HAM16-314-D0,MZ,green
M06_HAM16-325-D0,AG,red
M06_HAM16-357-D0,MZ,green
M06_HAM16-364-D0,AG,red
M06_HAM16-366-D0,LO,blue
M06_HAM16-396-D0,AG,red
M06_HAM16-411-D0,AG,red
M06_HAM16-419-D0,AG,red
M06_HAM16-425-D0,CT,yellow
M06_HAM16-426-D0,AG,red
M06_HAM16-433-D0,AG,red
M06_HAM16-469-D0,AG,red
M06_HAM16-486-D0,LO,blue
M06_HAM16-487-D0,LO,blue
M06_HAM16-499-D0,AG,red
M06_HAM16-500-D0,AG,red
M06_HAM16-518-D0,AG,red
M08_HAM14-004-D0,AG,red
M08_HAM14-006-D0,AG,red
M08_HAM14-007-D0,AG,red
M08_HAM14-009-D0,CT,yellow
M08_HAM14-019-D0,AG,red
M08_HAM14-021-D0,AG,red
M08_HAM14-024-D0,AG,red
M08_HAM14-025-D0,CT,yellow
M08_HAM15-004-D0,LO,blue
M08_HAM15-008-D0,AG,red
M08_HAM15-011-D0,AG,red
M08_HAM15-016-D0,AG,red
M08_HAM15-112-D0,AG,red
M08_HAM15-114-D0,AG,red
M08_HAM15-115-D0,AG,red
M08_HAM15-117-D0,AG,red
M08_HAM15-119-D0,AG,red
M08_HAM15-123-D0,AG,red
M08_HAM15-129-D0,AG,red
M08_HAM15-132-D0,AG,red
M08_HAM15-137-D0,LO,blue
M08_HAM15-147-D0,AG,red
M08_HAM15-208-D0,AG,red
M08_HAM15-224-D0,AG,red
M08_HAM15-229-D0,CT,yellow
M08_HAM15-245-D0,AG,red
M08_HAM15-248-D0,LO,blue
M08_HAM15-260-D0,AG,red
M08_HAM15-278-D0,LO,blue
M08_HAM15-286-D0,AG,red
M08_HAM15-293-D0,LO,blue
M08_HAM15-298-D0,AG,red
M08_HAM15-301-D0,LO,blue
M08_HAM15-320-D0,LO,blue
M08_HAM15-327-D0,AG,red
M08_HAM15-359-D0,AG,red
M08_HAM15-379-D0,LO,blue
M08_HAM15-409-D0,MZ,green
M08_HAM15-410-D0,AG,red
M08_HAM15-440-D0,AG,red
M08_HAM15-450-D0,AG,red
M08_HAM15-452-D0,AG,red
M08_HAM15-462-D0,LO,blue
M08_HAM15-488-D0,LO,blue
M08_HAM15-489-D0,MZ,green
M08_HAM15-498-D0,LE,purple
M08_HAM15-503-D0,LO,blue
M08_HAM15-514-D0,CT,yellow
M08_HAM15-551-D0,AG,red
M08_HAM15-555-D0,AG,red
M08_HAM15-558-D0,AG,red
M08_HAM15-606-D0,LO,blue
M08_HAM15-630-D0,LO,blue
M08_HAM15-641-D0,AG,red
M08_HAM15-645-D0,AG,red
M08_HAM15-666-D0,AG,red
M08_HAM16-080-D0,AG,red
M08_HAM16-093-D0,AG,red
M08_HAM16-107-D0,AG,red
M08_HAM16-123-D0,AG,red
M08_HAM16-156-D0,AG,red
M08_HAM16-157-D0,AG,red
M08_HAM16-171-D0,AG,red
M08_HAM16-182-D0,AG,red
M08_HAM16-201-D0,AG,red
M08_HAM16-278-D0,AG,red
M08_HAM16-279-D0,AG,red
M08_HAM16-294-D0,AG,red
M08_HAM16-295-D0,AG,red
M08_HAM16-303-D0,LO,blue
M08_HAM16-309-D0,AG,red
M08_HAM16-358-D0,LO,blue
M08_HAM16-373-D0,LO,blue
M08_HAM16-407-D0,AG,red
M11_HT01062010-02,AG,red
M11_HT03062010-03,MZ,green
M11_HT04092010-01,AG,red
M11_HT07042010-03,AG,red
M11_HT07052010-01,LO,blue
M11_HT08102010-02,MZ,green
M11_HT09042010-01,MZ,green
M11_HT09052010-01,MZ,green
M11_HT09052010-02,MZ,green
M11_HT09052010-05,CT,yellow
M11_HT10062010-03,AG,red
M11_HT11052010-10,MZ,green
M11_HT13042010-04,AG,red
M11_HT13042010-05,AG,red
M11_HT13072010-03,MZ,green
M11_HT15052010-03,LO,blue
M11_HT15092010-01,MZ,green
M11_HT16032010-08,AG,red
M11_HT16042010-02,MZ,green
M11_HT17042010-01,MZ,green
M11_HT19032010-01,AG,red
M11_HT19032010-03,AG,red
M11_HT19032010-04,AG,red
M11_HT21042010-06,MZ,green
M11_HT23032010-01,AG,red
M11_HT23092011-02,CT,yellow
M11_HT24042010-02,AG,red
M11_HT24042010-04,MZ,green
M11_HT24092011-02,AG,red
M11_HT26042010-01,MZ,green
M11_HT26092011-02,AG,red
M11_HT27042010-04,MZ,green
M11_HT27042010-06,AG,red
M11_HT27092010-01,MZ,green
M11_HT28032010-03,AG,red
M11_HT28042010-01,AG,red
M11_HT28092011-03,AG,red
M11_HT30032010-01,AG,red
M11_HT30042010-03,MZ,green
M11_HT30042010-06,AG,red
M11_HT30042010-10,AG,red
M12_HAM14-031-D0,AG,red
M12_HAM14-114-D0,MZ,green
M12_HAM14-157-D0,AG,red
M12_HAM14-269-D0,AG,red
M12_HAM14-293-D0,MZ,green
M12_HAM14-424-D0,AG,red
M12_HAM14-461-D0,AG,red
M12_HAM14-499-D0,AG,red
M12_HAM15-002-D0,LO,blue
M12_HAM15-039-D0,AG,red
M12_HAM15-043-D0,AG,red
M12_HAM15-063-D0,LO,blue
M12_HAM15-077-D0,AG,red
M12_HAM15-128-D0,LO,blue
M12_HAM15-174-D0,LO,blue
M12_HAM15-180-D0,AG,red
M12_HAM15-194-D0,AG,red
M12_HAM15-219-D0,MZ,green
M12_HAM15-269-D0,LO,blue
M12_HAM15-276-D0,AG,red
M12_HAM15-650-D0,AG,red
M12_HAM16-004-D0,AG,red
M12_HAM16-018-D0,AG,red
M12_HAM16-050-D0,AG,red
M12_HAM16-055-D0,AG,red
M12_HAM16-056-D0,AG,red
M12_HAM16-059-D0,LO,blue
M12_HAM16-099-D0,AG,red
M12_HAM16-175-D0,AG,red
M12_HAM16-195-D0,AG,red
M12_HAM16-200-D0,AG,red
M12_HAM16-249-D0,AG,red
M12_HAM16-250-D0,LO,blue
M12_HAM16-252-D0,AG,red
M12_HAM16-253-D0,AG,red
M12_HAM16-258-D0,MZ,green
M12_HAM16-287-D0,AG,red
M12_HAM16-298-D0,PR,gray
M12_HAM16-312-D0,AG,red
M12_HAM16-322-D0,AG,red
M12_HAM16-464-D0,AG,red
M12_HAM16-485-D0,AG,red
M12_HAM16-504-D0,AG,red
M12_HAM16-513-D0,LO,blue
M12_HAM16-516-D0,AG,red
M12_HT01072012-07,AG,red
M12_HT01072012-24,AG,red
M12_HT04012013-02,AG,red
M12_HT05102012-01,AG,red
M12_HT06012013-02,AG,red
M12_HT08012013-02,AG,red
M12_HT11112010-03,AG,red
M12_HT12012013-01,AG,red
M12_HT14022013-04,AG,red
M12_HT15032013-02,AG,red
M12_HT18012013-02,AG,red
M12_HT19012011-03,MZ,green
M12_HT19072012-01,AG,red
M12_HT22072012-01,AG,red
M12_HT23112012-01,AG,red
M12_HT24092011-01,AG,red
M12_HT25042010-01,MZ,green
M12_HT26092011-01,AG,red
M12_HT27092011-01,MZ,green
M12_HT28092010-01,LO,blue
M12_HT28092010-02,MZ,green
M12_HT29032010-01,AG,red
M12_HT31072012-01,CT,yellow
M14_HAM14-053-D0,AG,red
M14_HAM14-056-D0,AG,red
M14_HAM14-064-D0,AG,red
M14_HAM14-068-D0,AG,red
M14_HAM14-076-D0,AG,red
M14_HAM14-079-D0,AG,red
M14_HAM14-112-D0,AG,red
M14_HAM14-127-D0,AG,red
M14_HAM14-129-D0,AG,red
M14_HAM14-143-D0,CT,yellow
M14_HAM14-144-D0,MZ,green
M14_HAM14-268-D0,AG,red
M14_HAM14-447-D0,AG,red
M14_HAM15-111-D0,LO,blue
M14_HAM15-622-D0,AG,red
M14_HAM16-068-D0,LO,blue
M14_HAM16-083-D0,AG,red
M14_HAM16-110-D0,AG,red
M14_HAM16-112-D0,LO,blue
M14_HAM16-167-D0,AG,red
M14_HAM16-169-D0,LO,blue
M14_HAM16-185-D0,MZ,green
M14_HAM16-190-D0,AG,red
M14_HT02062010-04,LO,blue
M14_HT03042011-01,AG,red
M14_HT05012011-04,MZ,green
M14_HT06122010-01,MZ,green
M14_HT07042013-02,MZ,green
M14_HT08102010-03,MZ,green
M14_HT09032011-04,CT,yellow
M14_HT10022012-01,MZ,green
M14_HT10022012-03,MZ,green
M14_HT12012011-01,MZ,green
M14_HT12032012-02,MZ,green
M14_HT13032013-01,LO,blue
M14_HT13072012-10,LO,blue
M14_HT15012011-01,MZ,green
M14_HT16042011-06,AG,red
M14_HT17052012-08,MZ,green
M14_HT18042011-07,MZ,green
M14_HT19022012-01,MZ,green
M14_HT19022012-08,MZ,green
M14_HT19052012-14,LO,blue
M14_HT22012013-09,LO,blue
M14_HT23022012-02,MZ,green
M14_HT24042013-02,AG,red
M14_HT28012011-01,MZ,green
M14_HT29012011-06,MZ,green
M14_HT29032012-02,MZ,green
M14_HT29062010-01,LO,blue
MH-02-AC_HAM15-000230,MZ,green
MH-02-AC_HAM15-000565,AG,red
MH-02-AC_HAM15-000570,AG,red
MH-02-AC_HAM15-000608,AG,red
MH-02-AC_HAM15-000624,LO,blue
MH-02-AC_HAM15-000632,AG,red
MH-02-AC_HAM15-000635,LO,blue
MH-02-AC_HAM15-000648,AG,red
MH-02-AC_HAM15-000651,AG,red
MH-02-AC_HAM15-000657,AG,red
MH-02-AC_HAM15-000659,AG,red
MH-02-AC_HAM15-000661,LO,blue
MH-02-AC_HAM15-000662,AG,red
MH-02-AC_HAM15-000673,AG,red
MH-02-AC_HAM15-000682,AG,red
MH-02-AC_HAM15-000686,AG,red
MH-02-AC_HAM15-000688,AG,red
MH-02-AC_HAM15-000690,AG,red
MH-02-AC_HAM15-000692,AG,red
MH-02-AC_HAM15-000702,AG,red
MH-02-AC_HAM15-000703,AG,red
MH-02-AC_HAM15-000705,LE,purple
MH-02-AC_HAM15-000706,AG,red
MH-02-AC_HAM15-000708,AG,red
MH-02-AC_HAM15-000721,AG,red
MH-02-AC_HAM15-000726,AG,red
MH-02-AC_HAM15-000729,AG,red
MH-02-AC_HAM15-000731,AG,red
MH-02-AC_HAM15-000736,AG,red
MH-02-AC_HAM15-000737,LO,blue
MH-02-AC_HAM15-000738,LO,blue
MH-02-AC_HAM15-000740,AG,red
MH-02-AC_HAM15-000741,AG,red
MH-02-AC_HAM15-000752,AG,red
MH-02-AC_HAM15-000753,AG,red
MH-02-AC_HAM15-000755,AG,red
MH-02-AC_HAM15-000757,LO,blue
MH-02-AC_HAM15-000758,AG,red
MH-02-AC_HAM15-000760,AG,red
MH-02-AC_HAM15-000762,AG,red
MH-02-AC_HAM15-000765,AG,red
MH-02-AC_HAM15-000769,AG,red
MH-02-AC_HAM15-000771,AG,red
MH-02-AC_HAM15-000774,AG,red
MH-02-AC_HAM15-000775,AG,red
MH-02-AC_HAM15-000776,AG,red
MH-02-AC_HAM15-000777,AG,red
MH-02-AC_HAM15-000778,AG,red
MH-02-AC_HAM15-000782,AG,red
MH-02-AC_HAM15-000784,AG,red
MH-03-AC_2005-123,NA,gray
MH-03-AC_2005-200,NA,gray
MH-03-AC_2005-203,NA,gray
MH-03-AC_2005-229,NA,gray
MH-03-AC_2005-271,NA,gray
MH-03-AC_HAM15-000136,LO,blue
MH-03-AC_HAM15-000163,LO,blue
MH-03-AC_HAM15-000173,AG,red
MH-03-AC_HAM15-000189,AG,red
MH-03-AC_HAM15-000265,LO,blue
MH-03-AC_HAM15-000375,AG,red
MH-03-AC_HAM15-000381,LO,blue
MH-03-AC_HAM15-000396,AG,red
MH-03-AC_HAM15-000414,AG,red
MH-03-AC_HAM15-000419,CT,yellow
MH-03-AC_HAM15-000483,LO,blue
MH-03-AC_HAM15-000518,AG,red
MH-03-AC_HAM15-000548,AG,red
MH-03-AC_HAM15-000572,LE,purple
MH-03-AC_HAM15-000593,MZ,green
MH-03-AC_HAM15-000612,LO,blue
MH-03-AC_HAM15-000634,LO,blue
MH-03-AC_HAM15-000637,AG,red
MH-03-AC_HAM15-000658,AG,red
MH-03-AC_HAM15-000660,AG,red
MH-03-AC_HAM15-000668,AG,red
MH-03-AC_HAM15-000680,AG,red
MH-03-AC_HAM15-000683,AG,red
MH-03-AC_HAM15-000689,AG,red
MH-03-AC_HAM15-000693,AG,red
MH-03-AC_HAM15-000694,AG,red
MH-03-AC_HAM15-000698,AG,red
MH-03-AC_HAM15-000710,MZ,green
MH-03-AC_HAM15-000711,AG,red
MH-03-AC_HAM15-000713,AG,red
MH-03-AC_HAM15-000716,AG,red
MH-03-AC_HAM15-000717,AG,red
MH-03-AC_HAM15-000719,AG,red
MH-03-AC_HAM15-000728,AG,red
MH-03-AC_HAM15-000733,LO,blue
MH-03-AC_HAM15-000751,AG,red
MH-03-AC_HAM15-000759,AG,red
MH-03-AC_HAM15-000770,AG,red
MH-03-AC_HAM15-000781,AG,red
MH-04-AC_HAM14-000067,MZ,green
MH-04-AC_HAM14-000075,AG,red
MH-04-AC_HAM14-000103,LO,blue
MH-04-AC_HAM14-000145,AG,red
MH-04-AC_HAM14-000169,LO,blue
MH-04-AC_HAM14-000193,PR,gray
MH-04-AC_HAM14-000200,AG,red
MH-04-AC_HAM14-000204,AG,red
MH-04-AC_HAM14-000206,AG,red
MH-04-AC_HAM14-000210,AG,red
MH-04-AC_HAM14-000213,AG,red
MH-04-AC_HAM14-000220,AG,red
MH-04-AC_HAM14-000228,MZ,green
MH-04-AC_HAM14-000260,MZ,green
MH-04-AC_HAM14-000261,AG,red
MH-04-AC_HAM14-000263,AG,red
MH-04-AC_HAM14-000272,AG,red
MH-04-AC_HAM14-000298,CT,yellow
MH-04-AC_HAM14-000303,AG,red
MH-04-AC_HAM14-000310,MZ,green
MH-04-AC_HAM14-000316,MZ,green
MH-04-AC_HAM14-000324,LO,blue
MH-04-AC_HAM14-000328,MZ,green
MH-04-AC_HAM14-000336,MZ,green
MH-04-AC_HAM14-000352,MZ,green
MH-04-AC_HAM14-000355,MZ,green
MH-04-AC_HAM14-000390,LO,blue
MH-04-AC_HAM14-000391,LO,blue
MH-04-AC_HAM14-000408,MZ,green
MH-04-AC_HAM14-000417,LO,blue
MH-04-AC_HAM14-000421,LO,blue
MH-04-AC_HAM14-000428,AG,red
MH-04-AC_HAM14-000455,AG,red
MH-04-AC_HAM14-000456,MZ,green
MH-04-AC_HAM14-000478,LO,blue
MH-04-AC_HAM14-000484,LO,blue
MH-04-AC_HAM14-000488,AG,red
MH-04-AC_HAM14-000501,MZ,green
MH-04-AC_HAM14-000503,MZ,green
MH-04-AC_HAM14-000510,AG,red
MH-04-AC_HAM14-000512,AG,red
MH-04-AC_HAM14-000513,AG,red
MH-04-AC_HAM14-000515,AG,red
MH-04-AC_HAM14-000519,AG,red
MH-04-AC_HAM14-000520,AG,red
MH-04-AC_HAM14-000521,AG,red
MH-04-AC_HAM14-000522,LO,blue
MH-04-AC_HAM14-000526,MZ,green
MH-04-AC_HAM14-000530,LO,blue
MH-04-AC_HAM14-000531,AG,red
MH-04-AC_HAM14-000532,LO,blue
MH-04-AC_HAM14-000533,AG,red
MH-04-AC_HAM14-000541,AG,red
MH-04-AC_HAM14-000542,AG,red
MH-04-AC_HAM14-000544,AG,red
MH-04-AC_HAM14-000548,AG,red
MH-04-AC_HAM14-000552,AG,red
MH-04-AC_HAM14-000553,AG,red
MH-04-AC_HAM14-000555,AG,red
MH-04-AC_HAM14-000556,AG,red
MH-04-AC_HAM14-000558,AG,red
MH-04-AC_HAM14-000559,LO,blue
MH-04-AC_HAM14-000560,AG,red
MH-04-AC_HAM14-000565,AG,red
MH-04-AC_HAM14-000569,AG,red
MH-04-AC_HAM14-000572,LO,blue
MH-04-AC_HAM14-000574,AG,red
MH-04-AC_HAM14-000575,AG,red
MH-04-AC_HAM14-000579,AG,red
MH-04-AC_HAM14-000586,AG,red
MH-04-AC_HAM14-000588,AG,red
MH-04-AC_HAM14-000589,AG,red
MH-04-AC_HAM14-000590,AG,red
MH-04-AC_HAM14-000594,AG,red
MH-04-AC_HAM14-000597,AG,red
MH-04-AC_HAM14-000599,AG,red
MH-04-AC_HAM14-000603,AG,red
MH-04-AC_HAM14-000604,AG,red
MH-04-AC_HAM14-000606,AG,red
MH-04-AC_HAM14-000609,LO,blue
MH-04-AC_HAM14-000610,AG,red
MH-04-AC_HAM14-000612,AG,red
MH-05-AC_HAM14-000042,AG,red
MH-05-AC_HAM14-000065,LO,blue
MH-05-AC_HAM14-000094,AG,red
MH-05-AC_HAM14-000096,AG,red
MH-05-AC_HAM14-000130,AG,red
MH-05-AC_HAM14-000236,AG,red
MH-05-AC_HAM14-000281,AG,red
MH-05-AC_HAM14-000451,MZ,green
MH-05-AC_HAM14-000468,LO,blue
MH-05-AC_HAM14-000469,AG,red
MH-05-AC_HAM14-000529,AG,red
MH-05-AC_HAM14-000534,MZ,green
MH-05-AC_HAM14-000537,LO,blue
MH-05-AC_HAM14-000540,AG,red
MH-05-AC_HAM14-000547,AG,red
MH-05-AC_HAM14-000557,AG,red
MH-05-AC_HAM14-000578,LO,blue
MH-05-AC_HAM14-000580,AG,red
MH-05-AC_HAM14-000591,AG,red
MH-05-AC_HAM14-000605,AG,red
MH-05-AC_HAM14-000607,AG,red
MH-05-AC_HAM14-000608,LO,blue
MH-05-AC_HT02062013-7,CT,yellow
MH-05-AC_HT03062013-27,AG,red
MH-05-AC_HT03122013-1,MZ,green
MH-05-AC_HT06062013-15,CT,yellow
MH-05-AC_HT07062013-8,LO,blue
MH-05-AC_HT09082013-1,LO,blue
MH-05-AC_HT10122013-1,AG,red
MH-05-AC_HT11092013-1,AG,red
MH-05-AC_HT11102013-1,MZ,green
MH-05-AC_HT11102013-2,AG,red
MH-05-AC_HT11122013-1,AG,red
MH-05-AC_HT13102013-1,MZ,green
MH-05-AC_HT14112013-2,AG,red
MH-05-AC_HT17042013-11,LO,blue
MH-05-AC_HT20052013-12,LO,blue
MH-05-AC_HT20082013-2,AG,red
MH-05-AC_HT23052013-4,LO,blue
MH-05-AC_HT25062013-2,MZ,green
MH-05-AC_HT27042013-2,MZ,green
MH-05-AC_HT28112013-2,AG,red
MH-05-AC_HT28112013-4,AG,red
MH-05-AC_HT30042013-1,LO,blue
MH-05-AC_HT30072013-3,LO,blue
MH-05-AC_HT31032013-3,AG,red
MH-06-AC_HT01032013-9,MZ,green
MH-06-AC_HT01052013-1,AG,red
MH-06-AC_HT01062013-18,AG,red
MH-06-AC_HT01082013-2,MZ,green
MH-06-AC_HT01122013-1,AG,red
MH-06-AC_HT01122013-2,AG,red
MH-06-AC_HT02072013-8,CT,yellow
MH-06-AC_HT02102013-3,AG,red
MH-06-AC_HT03062013-14,MZ,green
MH-06-AC_HT03072013-1,AG,red
MH-06-AC_HT03072013-5,LO,blue
MH-06-AC_HT03102013-1,AG,red
MH-06-AC_HT04122013-3,AG,red
MH-06-AC_HT05082013-3,LO,blue
MH-06-AC_HT06062013-4,MZ,green
MH-06-AC_HT06062013-9,MZ,green
MH-06-AC_HT06122013-1,AG,red
MH-06-AC_HT07072013-2,MZ,green
MH-06-AC_HT07082013-2,LO,blue
MH-06-AC_HT07092013-2,AG,red
MH-06-AC_HT07092013-3,AG,red
MH-06-AC_HT07102013-1,MZ,green
MH-06-AC_HT09122013-1,AG,red
MH-06-AC_HT10052013-5,AG,red
MH-06-AC_HT10072013-2,AG,red
MH-06-AC_HT12032013-1,MZ,green
MH-06-AC_HT12052013-5,LO,blue
MH-06-AC_HT12072013-7,AG,red
MH-06-AC_HT14102013-1,AG,red
MH-06-AC_HT14102013-3,AG,red
MH-06-AC_HT14112013-3,AG,red
MH-06-AC_HT15062013-7,LO,blue
MH-06-AC_HT15072013-3,MZ,green
MH-06-AC_HT15112013-1,AG,red
MH-06-AC_HT16022013-1,AG,red
MH-06-AC_HT16052013-17,CT,yellow
MH-06-AC_HT16092013-4,AG,red
MH-06-AC_HT16102013-1,MZ,green
MH-06-AC_HT17062013-7,MZ,green
MH-06-AC_HT18052013-3,AG,red
MH-06-AC_HT18092013-1,MZ,green
MH-06-AC_HT18092013-2,AG,red
MH-06-AC_HT19032013-7,MZ,green
MH-06-AC_HT19102013-3,MZ,green
MH-06-AC_HT20022013-1,AG,red
MH-06-AC_HT20052013-13,AG,red
MH-06-AC_HT20082013-3,AG,red
MH-06-AC_HT20102013-2,AG,red
MH-06-AC_HT21032013-2,AG,red
MH-06-AC_HT21092013-1,AG,red
MH-06-AC_HT22042013-17,CT,yellow
MH-06-AC_HT23032013-3,MZ,green
MH-06-AC_HT23082013-2,MZ,green
MH-06-AC_HT23082013-5,LO,blue
MH-06-AC_HT24052013-2,AG,red
MH-06-AC_HT25042013-6,AG,red
MH-06-AC_HT25072013-1,LO,blue
MH-06-AC_HT26052013-2,MZ,green
MH-06-AC_HT26082013-1,MZ,green
MH-06-AC_HT26112013-4,LO,blue
MH-06-AC_HT26122013-1,MZ,green
MH-06-AC_HT29052013-4,CT,yellow
MH-06-AC_HT30032013-1,AG,red
MH-06-AC_HT31082013-2,AG,red
MH-07-AC_HT02082013-2,CT,yellow
MH-07-AC_HT02092013-1,MZ,green
MH-07-AC_HT02122013-1,AG,red
MH-07-AC_HT02122013-2,AG,red
MH-07-AC_HT03062013-11,MZ,green
MH-07-AC_HT03072013-2,MZ,green
MH-07-AC_HT04032013-8,AG,red
MH-07-AC_HT04112013-2,MZ,green
MH-07-AC_HT04122013-2,AG,red
MH-07-AC_HT05052013-3,LO,blue
MH-07-AC_HT05082013-5,LO,blue
MH-07-AC_HT06052013-9,MZ,green
MH-07-AC_HT06102013-1,AG,red
MH-07-AC_HT09072013-4,MZ,green
MH-07-AC_HT09092013-2,AG,red
MH-07-AC_HT09092013-4,AG,red
MH-07-AC_HT10092013-1,AG,red
MH-07-AC_HT10112013-4,MZ,green
MH-07-AC_HT11022013-8,MZ,green
MH-07-AC_HT11052013-5,AG,red
MH-07-AC_HT11072013-3,LO,blue
MH-07-AC_HT11072013-4,CT,yellow
MH-07-AC_HT12052013-16,MZ,green
MH-07-AC_HT12072013-1,CT,yellow
MH-07-AC_HT13022013-5,AG,red
MH-07-AC_HT13102013-2,AG,red
MH-07-AC_HT13122013-1,AG,red
MH-07-AC_HT14042013-3,MZ,green
MH-07-AC_HT14112013-7,AG,red
MH-07-AC_HT14122013-1,MZ,green
MH-07-AC_HT14122013-2,AG,red
MH-07-AC_HT15072013-2,MZ,green
MH-07-AC_HT15102013-2,AG,red
MH-07-AC_HT15102013-5,AG,red
MH-07-AC_HT16052013-14,MZ,green
MH-07-AC_HT16062013-12,MZ,green
MH-07-AC_HT16062013-17,LO,blue
MH-07-AC_HT16092013-1,AG,red
MH-07-AC_HT16092013-3,AG,red
MH-07-AC_HT17022013-5,AG,red
MH-07-AC_HT17062013-1,MZ,green
MH-07-AC_HT17082013-1,AG,red
MH-07-AC_HT18022013-1,AG,red
MH-07-AC_HT18092013-3,AG,red
MH-07-AC_HT19052013-1,CT,yellow
MH-07-AC_HT19102013-1,MZ,green
MH-07-AC_HT19112013-4,LO,blue
MH-07-AC_HT20092013-1,AG,red
MH-07-AC_HT20102013-1,AG,red
MH-07-AC_HT21052013-7,MZ,green
MH-07-AC_HT21112013-1,LO,blue
MH-07-AC_HT21122013-1,MZ,green
MH-07-AC_HT22052013-4,AG,red
MH-07-AC_HT22092013-2,AG,red
MH-07-AC_HT22112013-1,AG,red
MH-07-AC_HT23082013-1,AG,red
MH-07-AC_HT23092013-1,AG,red
MH-07-AC_HT24052013-1,MZ,green
MH-07-AC_HT24062013-12,AG,red
MH-07-AC_HT24112013-1,MZ,green
MH-07-AC_HT26052013-7,MZ,green
MH-07-AC_HT26072013-3,MZ,green
MH-07-AC_HT26102013-1,LO,blue
MH-07-AC_HT29092013-3,AG,red
MH-07-AC_HT30042013-10,AG,red
MH-07-AC_HT30092013-1,AG,red
MH-07-AC_HT31082013-1,LO,blue
MH-08-AC_HT01072012-11,LO,blue
MH-08-AC_HT01082012-3,AG,red
MH-08-AC_HT01122012-6,AG,red
MH-08-AC_HT02082012-1,CT,yellow
MH-08-AC_HT02082012-2,CT,yellow
MH-08-AC_HT03082012-3,LO,blue
MH-08-AC_HT04062012-11,CT,yellow
MH-08-AC_HT04062012-2,CT,yellow
MH-08-AC_HT04062012-7,MZ,green
MH-08-AC_HT04122012-2,MZ,green
MH-08-AC_HT04122012-8,MZ,green
MH-08-AC_HT05082012-1,AG,red
MH-08-AC_HT06082012-2,CT,yellow
MH-08-AC_HT06122012-1,MZ,green
MH-08-AC_HT06122012-2,AG,red
MH-08-AC_HT07082012-1,AG,red
MH-08-AC_HT07082012-3,LO,blue
MH-08-AC_HT07092012-1,LO,blue
MH-08-AC_HT09062012-12,LO,blue
MH-08-AC_HT09062012-19,LO,blue
MH-08-AC_HT09062012-6,LO,blue
MH-08-AC_HT10072012-2,AG,red
MH-08-AC_HT10102012-1,MZ,green
MH-08-AC_HT11062012-26,MZ,green
MH-08-AC_HT11062012-6,CT,yellow
MH-08-AC_HT11092012-1,AG,red
MH-08-AC_HT11102012-1,MZ,green
MH-08-AC_HT11112012-2,LO,blue
MH-08-AC_HT12082012-1,CT,yellow
MH-08-AC_HT12122012-3,AG,red
MH-08-AC_HT12122012-5,MZ,green
MH-08-AC_HT13062012-2,MZ,green
MH-08-AC_HT13122012-3,MZ,green
MH-08-AC_HT14062012-7,AG,red
MH-08-AC_HT14082012-1,AG,red
MH-08-AC_HT14122012-4,AG,red
MH-08-AC_HT15112012-2,AG,red
MH-08-AC_HT15122012-1,AG,red
MH-08-AC_HT15122012-4,AG,red
MH-08-AC_HT16062012-12,CT,yellow
MH-08-AC_HT16072012-8,AG,red
MH-08-AC_HT16082012-4,AG,red
MH-08-AC_HT16102012-3,LO,blue
MH-08-AC_HT17072012-11,AG,red
MH-08-AC_HT17072012-19,AG,red
MH-08-AC_HT17072012-2,AG,red
MH-08-AC_HT17122012-2,MZ,green
MH-08-AC_HT17122012-3,CT,yellow
MH-08-AC_HT18102012-2,MZ,green
MH-08-AC_HT18102012-3,MZ,green
MH-08-AC_HT20062012-26,MZ,green
MH-08-AC_HT20072012-5,AG,red
MH-08-AC_HT20092012-1,LO,blue
MH-08-AC_HT20092012-2,AG,red
MH-08-AC_HT20102012-1,LO,blue
MH-08-AC_HT20102012-2,MZ,green
MH-08-AC_HT20102012-3,AG,red
MH-08-AC_HT20112012-8,MZ,green
MH-08-AC_HT21082012-1,AG,red
MH-08-AC_HT21112012-2,MZ,green
MH-08-AC_HT21112012-3,AG,red
MH-08-AC_HT22102012-2,LO,blue
MH-08-AC_HT22102012-5,AG,red
MH-08-AC_HT22112012-3,AG,red
MH-08-AC_HT22112012-7,AG,red
MH-08-AC_HT22122012-4,MZ,green
MH-08-AC_HT23102012-3,MZ,green
MH-08-AC_HT23112012-3,MZ,green
MH-08-AC_HT25112012-1,MZ,green
MH-08-AC_HT25112012-6,MZ,green
MH-08-AC_HT26062012-4,MZ,green
MH-08-AC_HT26092012-2,AG,red
MH-08-AC_HT26102012-1,AG,red
MH-08-AC_HT26102012-4,CT,yellow
MH-08-AC_HT26112012-4,LO,blue
MH-08-AC_HT26112012-7,MZ,green
MH-08-AC_HT27062012-5,AG,red
MH-08-AC_HT27082012-2,AG,red
MH-08-AC_HT28092012-3,CT,yellow
MH-08-AC_HT28112012-4,AG,red
MH-08-AC_HT29082012-2,CT,yellow
MH-08-AC_HT29122012-4,LO,blue
MH-09-AC_HT01062012-10,MZ,green
MH-09-AC_HT01062012-2,CT,yellow
MH-09-AC_HT01072011-6,MZ,green
MH-09-AC_HT01072011-7,MZ,green
MH-09-AC_HT01122011-13,MZ,green
MH-09-AC_HT02042012-4,MZ,green
MH-09-AC_HT02052012-4,LO,blue
MH-09-AC_HT02062011-14,AG,red
MH-09-AC_HT02062011-8,AG,red
MH-09-AC_HT02062012-10,CT,yellow
MH-09-AC_HT02062012-25,CT,yellow
MH-09-AC_HT03032012-6,MZ,green
MH-09-AC_HT03052012-2,AG,red
MH-09-AC_HT03062011-12,AG,red
MH-09-AC_HT04062011-6,AG,red
MH-09-AC_HT04072011-1,MZ,green
MH-09-AC_HT04072011-6,AG,red
MH-09-AC_HT04122012-4,AG,red
MH-09-AC_HT05042012-2,MZ,green
MH-09-AC_HT05052012-2,LO,blue
MH-09-AC_HT05062011-1,AG,red
MH-09-AC_HT05072011-4,MZ,green
MH-09-AC_HT06042012-3,MZ,green
MH-09-AC_HT06072011-1,MZ,green
MH-09-AC_HT07042012-1,AG,red
MH-09-AC_HT07122011-12,AG,red
MH-09-AC_HT07122011-2,MZ,green
MH-09-AC_HT07122011-7,MZ,green
MH-09-AC_HT08072011-2,LO,blue
MH-09-AC_HT08122011-6,AG,red
MH-09-AC_HT10062011-2,MZ,green
MH-09-AC_HT10062011-4,MZ,green
MH-09-AC_HT11012012-9,AG,red
MH-09-AC_HT11062011-7,AG,red
MH-09-AC_HT11062011-8,AG,red
MH-09-AC_HT11072011-1,AG,red
MH-09-AC_HT11072011-3,AG,red
MH-09-AC_HT12052012-11,MZ,green
MH-09-AC_HT13072011-4,AG,red
MH-09-AC_HT13122011-10,AG,red
MH-09-AC_HT14122012-7,AG,red
MH-09-AC_HT15032012-4,MZ,green
MH-09-AC_HT15042012-2,LO,blue
MH-09-AC_HT15052012-13,AG,red
MH-09-AC_HT15062011-12,AG,red
MH-09-AC_HT15122011-1,AG,red
MH-09-AC_HT15122011-3,MZ,green
MH-09-AC_HT16052012-7,AG,red
MH-09-AC_HT16062011-1,MZ,green
MH-09-AC_HT16072011-2,MZ,green
MH-09-AC_HT16072011-3,AG,red
MH-09-AC_HT16102012-2,AG,red
MH-09-AC_HT17042012-1,MZ,green
MH-09-AC_HT18072011-2,AG,red
MH-09-AC_HT18122011-5,MZ,green
MH-09-AC_HT19122011-5,MZ,green
MH-09-AC_HT20022012-9,LO,blue
MH-09-AC_HT21052010-4,LO,blue
MH-09-AC_HT21052010-8,AG,red
MH-09-AC_HT22052012-10,MZ,green
MH-09-AC_HT22052012-16,AG,red
MH-09-AC_HT22062011-1,MZ,green
MH-09-AC_HT23052012-14,AG,red
MH-09-AC_HT23052012-5,LO,blue
MH-09-AC_HT23112012-2,LO,blue
MH-09-AC_HT24052012-7,MZ,green
MH-09-AC_HT25042012-4,MZ,green
MH-09-AC_HT25042012-6,MZ,green
MH-09-AC_HT26052012-1,AG,red
MH-09-AC_HT26072011-2,AG,red
MH-09-AC_HT26122011-2,MZ,green
MH-09-AC_HT26122011-4,MZ,green
MH-09-AC_HT27032012-5,AG,red
MH-09-AC_HT27072011-1,AG,red
MH-09-AC_HT29052012-16,CT,yellow
MH-09-AC_HT29052012-6,CT,yellow
MH-09-AC_HT29062011-4,MZ,green
MH-09-AC_HT30052011-1,LO,blue
MH-09-AC_HT30052011-6,MZ,green
MH-11-AC_HT01062010-3,LO,blue
MH-11-AC_HT02072010-1,MZ,green
MH-11-AC_HT03112010-3,CT,yellow
MH-11-AC_HT04032011-3,MZ,green
MH-11-AC_HT04062010-4,MZ,green
MH-11-AC_HT05062010-2,AG,red
MH-11-AC_HT07062010-1,AG,red
MH-11-AC_HT08032011-3,AG,red
MH-11-AC_HT08082010-1,AG,red
MH-11-AC_HT08112010-1,AG,red
MH-11-AC_HT08112010-3,LO,blue
MH-11-AC_HT09102010-1,MZ,green
MH-11-AC_HT10052010-8,AG,red
MH-11-AC_HT10052011-9,AG,red
MH-11-AC_HT10112010-2,LO,blue
MH-11-AC_HT11072010-1,LO,blue
MH-11-AC_HT11072010-3,AG,red
MH-11-AC_HT11092010-1,MZ,green
MH-11-AC_HT11102010-5,MZ,green
MH-11-AC_HT13102010-4,MZ,green
MH-11-AC_HT14102010-2,LO,blue
MH-11-AC_HT15072010-3,MZ,green
MH-11-AC_HT16032010-7,AG,red
MH-11-AC_HT16042011-10,AG,red
MH-11-AC_HT17062010-1,AG,red
MH-11-AC_HT19032010-5,AG,red
MH-11-AC_HT19092010-1,MZ,green
MH-11-AC_HT20102010-5,LO,blue
MH-11-AC_HT21062010-4,AG,red
MH-11-AC_HT28032010-4,AG,red
MH-11-AC_HT28052010-2,AG,red
MH-11-AC_HT28072010-2,AG,red
MH-11-AC_HT28092010-3,AG,red
MH-12-AC_HT01062010-1,MZ,green
MH-12-AC_HT02062010-5,AG,red
MH-12-AC_HT03042011-3,AG,red
MH-12-AC_HT04092010-3,MZ,green
MH-12-AC_HT04112010-1,LO,blue
MH-12-AC_HT05052010-2,MZ,green
MH-12-AC_HT05072010-1,AG,red
MH-12-AC_HT05102010-1,AG,red
MH-12-AC_HT05102010-3,LO,blue
MH-12-AC_HT06052011-7,MZ,green
MH-12-AC_HT06112010-1,LO,blue
MH-12-AC_HT08042011-6,MZ,green
MH-12-AC_HT09032011-6,CT,yellow
MH-12-AC_HT10052010-10,MZ,green
MH-12-AC_HT10052010-11,MZ,green
MH-12-AC_HT10082010-1,AG,red
MH-12-AC_HT11052011-4,MZ,green
MH-12-AC_HT11112010-2,AG,red
MH-12-AC_HT13052011-5,MZ,green
MH-12-AC_HT13072010-4,AG,red
MH-12-AC_HT13102010-3,MZ,green
MH-12-AC_HT14102010-1,AG,red
MH-12-AC_HT14122010-4,MZ,green
MH-12-AC_HT15122010-2,AG,red
MH-12-AC_HT16022011-1,LO,blue
MH-12-AC_HT16022011-3,AG,red
MH-12-AC_HT16052011-5,MZ,green
MH-12-AC_HT17062010-2,LO,blue
MH-12-AC_HT18042011-10,AG,red
MH-12-AC_HT18082010-1,MZ,green
MH-12-AC_HT18102010-3,MZ,green
MH-12-AC_HT19032011-1,MZ,green
MH-12-AC_HT20052011-1,AG,red
MH-12-AC_HT20102010-2,MZ,green
MH-12-AC_HT22042011-2,AG,red
MH-12-AC_HT22042011-3,AG,red
MH-12-AC_HT22072010-1,MZ,green
MH-12-AC_HT22102010-1,AG,red
MH-12-AC_HT22102010-2,AG,red
MH-12-AC_HT22102010-3,AG,red
MH-12-AC_HT23022011-1,AG,red
MH-12-AC_HT23062010-1,MZ,green
MH-12-AC_HT23072010-1,AG,red
MH-12-AC_HT23122010-1,AG,red
MH-12-AC_HT24052011-5,MZ,green
MH-12-AC_HT24122010-2,CT,yellow
MH-12-AC_HT25012011-1,MZ,green
MH-12-AC_HT25052011-5,MZ,green
MH-12-AC_HT25052011-6,MZ,green
MH-12-AC_HT26022011-1,MZ,green
MH-12-AC_HT26032010-7,AG,red
MH-12-AC_HT26032011-1,MZ,green
MH-12-AC_HT26032011-5,AG,red
MH-12-AC_HT27042011-5,AG,red
MH-12-AC_HT27112010-3,MZ,green
MH-12-AC_HT28032010-1,AG,red
MH-12-AC_HT28062010-2,MZ,green
MH-12-AC_HT28072010-1,LO,blue
MH-12-AC_HT29102010-1,MZ,green
MH-12-AC_HT29112010-2,CT,yellow
MH-12-AC_HT30042010-8,AG,red
MH-13-AC_HT02062011-1,AG,red
MH-13-AC_HT02122010-1,MZ,green
MH-13-AC_HT03012011-3,MZ,green
MH-13-AC_HT03032011-1,MZ,green
MH-13-AC_HT03052012-4,AG,red
MH-13-AC_HT03112012-2,AG,red
MH-13-AC_HT04022011-7,AG,red
MH-13-AC_HT04042011-7,AG,red
MH-13-AC_HT05032011-4,AG,red
MH-13-AC_HT05042011-1,MZ,green
MH-13-AC_HT06072011-2,LO,blue
MH-13-AC_HT06122011-3,MZ,green
MH-13-AC_HT08052011-5,AG,red
MH-13-AC_HT08072011-5,LO,blue
MH-13-AC_HT08072011-6,LO,blue
MH-13-AC_HT08092012-1,LO,blue
MH-13-AC_HT08122010-1,AG,red
MH-13-AC_HT08122012-1,LO,blue
MH-13-AC_HT11062010-3,AG,red
MH-13-AC_HT11122012-3,AG,red
MH-13-AC_HT12052011-8,MZ,green
MH-13-AC_HT12122010-1,LO,blue
MH-13-AC_HT14042011-5,MZ,green
MH-13-AC_HT14122012-9,LO,blue
MH-13-AC_HT15022011-2,LO,blue
MH-13-AC_HT15122011-11,AG,red
MH-13-AC_HT15122011-9,AG,red
MH-13-AC_HT16012011-1,MZ,green
MH-13-AC_HT16022011-2,AG,red
MH-13-AC_HT16032011-3,AG,red
MH-13-AC_HT16052011-1,MZ,green
MH-13-AC_HT16112010-1,AG,red
MH-13-AC_HT16122011-3,MZ,green
MH-13-AC_HT17022011-2,AG,red
MH-13-AC_HT17022011-3,AG,red
MH-13-AC_HT17052011-4,MZ,green
MH-13-AC_HT17052011-5,AG,red
MH-13-AC_HT18022011-1,AG,red
MH-13-AC_HT18022011-4,MZ,green
MH-13-AC_HT19052012-7,AG,red
MH-13-AC_HT19092012-1,LO,blue
MH-13-AC_HT20072012-9,AG,red
MH-13-AC_HT20092012-3,LO,blue
MH-13-AC_HT21052010-6,MZ,green
MH-13-AC_HT22022011-1,AG,red
MH-13-AC_HT22032011-2,MZ,green
MH-13-AC_HT22052012-22,MZ,green
MH-13-AC_HT26122010-2,AG,red
MH-13-AC_HT28032011-1,AG,red
MH-13-AC_HT28072011-2,MZ,green
MH-13-AC_HT28072012-3,CT,yellow
MH-13-AC_HT29092010-2,MZ,green
MH-13-AC_HT30082010-2,AG,red
