sampleID,new_year,color
M03_HAM14-373-D0,2014,yellow
M03_HAM14-399-D0,2014,yellow
M03_HAM15-061-D0,2015,pink
M03_HAM15-075-D0,2015,pink
M03_HAM16-076-D0,2016,red
M03_HAM16-084-D0,2016,red
M03_HAM16-097-D0,2016,red
M03_HAM16-116-D0,2016,red
M03_HAM16-221-D0,2016,red
M03_HT25082010-02,2010,gray
M04_HAM14-407-D0,2014,yellow
M04_HAM16-058-D0,2016,red
M04_HAM16-077-D0,2016,red
M04_HAM16-126-D0,2016,red
M04_HAM16-128-D0,2016,red
M04_HAM16-134-D0,2016,red
M04_HAM16-137-D0,2016,red
M04_HAM16-286-D0,2016,red
M04_HAM16-381-D0,2016,red
M04_HAM16-383-D0,2016,red
M04_HAM16-444-D0,2016,red
M04_HT02032011-03,2011,purple
M04_HT06012013-07,2013,green
M04_HT15032011-09,2011,purple
M04_HT17032010-01,2010,gray
M04_HT18032010-05,2010,gray
M04_HT19032010-10,2010,gray
M04_HT21012013-05,2013,green
M04_HT22012013-12,2013,green
M04_HT25022011-03,2011,purple
M05_HAM14-013-D0,2014,yellow
M05_HAM14-014-D0,2014,yellow
M05_HAM15-019-D0,2015,pink
M05_HAM16-132-D0,2016,red
M05_HAM16-145-D0,2016,red
M05_HAM16-149-D0,2016,red
M05_HAM16-160-D0,2016,red
M05_HAM16-168-D0,2016,red
M05_HAM16-197-D0,2016,red
M05_HAM16-233-D0,2016,red
M05_HAM16-276-D0,2016,red
M05_HAM16-292-D0,2016,red
M05_HAM16-375-D0,2016,red
M05_HAM16-424-D0,2016,red
M05_HAM16-430-D0,2016,red
M05_HAM16-496-D0,2016,red
M06_HAM15-055-D0,2015,pink
M06_HAM15-106-D0,2015,pink
M06_HAM16-003-D0,2016,red
M06_HAM16-010-D0,2016,red
M06_HAM16-012-D0,2016,red
M06_HAM16-013-D0,2016,red
M06_HAM16-014-D0,2016,red
M06_HAM16-019-D0,2016,red
M06_HAM16-030-D0,2016,red
M06_HAM16-039-D0,2016,red
M06_HAM16-053-D0,2016,red
M06_HAM16-054-D0,2016,red
M06_HAM16-060-D0,2016,red
M06_HAM16-064-D0,2016,red
M06_HAM16-066-D0,2016,red
M06_HAM16-067-D0,2016,red
M06_HAM16-078-D0,2016,red
M06_HAM16-082-D0,2016,red
M06_HAM16-098-D0,2016,red
M06_HAM16-101-D0,2016,red
M06_HAM16-122-D0,2016,red
M06_HAM16-127-D0,2016,red
M06_HAM16-135-D0,2016,red
M06_HAM16-179-D0,2016,red
M06_HAM16-205-D0,2016,red
M06_HAM16-246-D0,2016,red
M06_HAM16-264-D0,2016,red
M06_HAM16-313-D0,2016,red
M06_HAM16-314-D0,2016,red
M06_HAM16-325-D0,2016,red
M06_HAM16-357-D0,2016,red
M06_HAM16-364-D0,2016,red
M06_HAM16-366-D0,2016,red
M06_HAM16-396-D0,2016,red
M06_HAM16-411-D0,2016,red
M06_HAM16-419-D0,2016,red
M06_HAM16-425-D0,2016,red
M06_HAM16-426-D0,2016,red
M06_HAM16-433-D0,2016,red
M06_HAM16-469-D0,2016,red
M06_HAM16-486-D0,2016,red
M06_HAM16-487-D0,2016,red
M06_HAM16-499-D0,2016,red
M06_HAM16-500-D0,2016,red
M06_HAM16-518-D0,2016,red
M08_HAM14-004-D0,2014,yellow
M08_HAM14-006-D0,2014,yellow
M08_HAM14-007-D0,2014,yellow
M08_HAM14-009-D0,2014,yellow
M08_HAM14-019-D0,2014,yellow
M08_HAM14-021-D0,2014,yellow
M08_HAM14-024-D0,2014,yellow
M08_HAM14-025-D0,2014,yellow
M08_HAM15-004-D0,2015,pink
M08_HAM15-008-D0,2015,pink
M08_HAM15-011-D0,2015,pink
M08_HAM15-016-D0,2015,pink
M08_HAM15-112-D0,2015,pink
M08_HAM15-114-D0,2015,pink
M08_HAM15-115-D0,2015,pink
M08_HAM15-117-D0,2015,pink
M08_HAM15-119-D0,2015,pink
M08_HAM15-123-D0,2015,pink
M08_HAM15-129-D0,2015,pink
M08_HAM15-132-D0,2015,pink
M08_HAM15-137-D0,2015,pink
M08_HAM15-147-D0,2015,pink
M08_HAM15-208-D0,2015,pink
M08_HAM15-224-D0,2015,pink
M08_HAM15-229-D0,2015,pink
M08_HAM15-245-D0,2015,pink
M08_HAM15-248-D0,2015,pink
M08_HAM15-260-D0,2015,pink
M08_HAM15-278-D0,2015,pink
M08_HAM15-286-D0,2015,pink
M08_HAM15-293-D0,2015,pink
M08_HAM15-298-D0,2015,pink
M08_HAM15-301-D0,2015,pink
M08_HAM15-320-D0,2015,pink
M08_HAM15-327-D0,2015,pink
M08_HAM15-359-D0,2015,pink
M08_HAM15-379-D0,2015,pink
M08_HAM15-409-D0,2015,pink
M08_HAM15-410-D0,2015,pink
M08_HAM15-440-D0,2015,pink
M08_HAM15-450-D0,2015,pink
M08_HAM15-452-D0,2015,pink
M08_HAM15-462-D0,2015,pink
M08_HAM15-488-D0,2015,pink
M08_HAM15-489-D0,2015,pink
M08_HAM15-498-D0,2015,pink
M08_HAM15-503-D0,2015,pink
M08_HAM15-514-D0,2015,pink
M08_HAM15-551-D0,2015,pink
M08_HAM15-555-D0,2015,pink
M08_HAM15-558-D0,2015,pink
M08_HAM15-606-D0,2015,pink
M08_HAM15-630-D0,2015,pink
M08_HAM15-641-D0,2015,pink
M08_HAM15-645-D0,2015,pink
M08_HAM15-666-D0,2015,pink
M08_HAM16-080-D0,2016,red
M08_HAM16-093-D0,2016,red
M08_HAM16-107-D0,2016,red
M08_HAM16-123-D0,2016,red
M08_HAM16-156-D0,2016,red
M08_HAM16-157-D0,2016,red
M08_HAM16-171-D0,2016,red
M08_HAM16-182-D0,2016,red
M08_HAM16-201-D0,2016,red
M08_HAM16-278-D0,2016,red
M08_HAM16-279-D0,2016,red
M08_HAM16-294-D0,2016,red
M08_HAM16-295-D0,2016,red
M08_HAM16-303-D0,2016,red
M08_HAM16-309-D0,2016,red
M08_HAM16-358-D0,2016,red
M08_HAM16-373-D0,2016,red
M08_HAM16-407-D0,2016,red
M11_HT01062010-02,2010,gray
M11_HT03062010-03,2010,gray
M11_HT04092010-01,2011,purple
M11_HT07042010-03,2010,gray
M11_HT07052010-01,2010,gray
M11_HT08102010-02,2011,purple
M11_HT09042010-01,2010,gray
M11_HT09052010-01,2010,gray
M11_HT09052010-02,2010,gray
M11_HT09052010-05,2010,gray
M11_HT10062010-03,2010,gray
M11_HT11052010-10,2010,gray
M11_HT13042010-04,2010,gray
M11_HT13042010-05,2010,gray
M11_HT13072010-03,2010,gray
M11_HT15052010-03,2010,gray
M11_HT15092010-01,2011,purple
M11_HT16032010-08,2010,gray
M11_HT16042010-02,2010,gray
M11_HT17042010-01,2010,gray
M11_HT19032010-01,2010,gray
M11_HT19032010-03,2010,gray
M11_HT19032010-04,2010,gray
M11_HT21042010-06,2010,gray
M11_HT23032010-01,2010,gray
M11_HT23092011-02,2012,blue
M11_HT24042010-02,2010,gray
M11_HT24042010-04,2010,gray
M11_HT24092011-02,2012,blue
M11_HT26042010-01,2010,gray
M11_HT26092011-02,2012,blue
M11_HT27042010-04,2010,gray
M11_HT27042010-06,2010,gray
M11_HT27092010-01,2011,purple
M11_HT28032010-03,2010,gray
M11_HT28042010-01,2010,gray
M11_HT28092011-03,2012,blue
M11_HT30032010-01,2010,gray
M11_HT30042010-03,2010,gray
M11_HT30042010-06,2010,gray
M11_HT30042010-10,2010,gray
M12_HAM14-031-D0,2014,yellow
M12_HAM14-114-D0,2014,yellow
M12_HAM14-157-D0,2014,yellow
M12_HAM14-269-D0,2014,yellow
M12_HAM14-293-D0,2014,yellow
M12_HAM14-424-D0,2014,yellow
M12_HAM14-461-D0,2014,yellow
M12_HAM14-499-D0,2014,yellow
M12_HAM15-002-D0,2015,pink
M12_HAM15-039-D0,2015,pink
M12_HAM15-043-D0,2015,pink
M12_HAM15-063-D0,2015,pink
M12_HAM15-077-D0,2015,pink
M12_HAM15-128-D0,2015,pink
M12_HAM15-174-D0,2015,pink
M12_HAM15-180-D0,2015,pink
M12_HAM15-194-D0,2015,pink
M12_HAM15-219-D0,2015,pink
M12_HAM15-269-D0,2015,pink
M12_HAM15-276-D0,2015,pink
M12_HAM15-650-D0,2015,pink
M12_HAM16-004-D0,2016,red
M12_HAM16-018-D0,2016,red
M12_HAM16-050-D0,2016,red
M12_HAM16-055-D0,2016,red
M12_HAM16-056-D0,2016,red
M12_HAM16-059-D0,2016,red
M12_HAM16-099-D0,2016,red
M12_HAM16-175-D0,2016,red
M12_HAM16-195-D0,2016,red
M12_HAM16-200-D0,2016,red
M12_HAM16-249-D0,2016,red
M12_HAM16-250-D0,2016,red
M12_HAM16-252-D0,2016,red
M12_HAM16-253-D0,2016,red
M12_HAM16-258-D0,2016,red
M12_HAM16-287-D0,2016,red
M12_HAM16-298-D0,2016,red
M12_HAM16-312-D0,2016,red
M12_HAM16-322-D0,2016,red
M12_HAM16-464-D0,2016,red
M12_HAM16-485-D0,2016,red
M12_HAM16-504-D0,2016,red
M12_HAM16-513-D0,2016,red
M12_HAM16-516-D0,2016,red
M12_HT01072012-07,2012,blue
M12_HT01072012-24,2012,blue
M12_HT04012013-02,2013,green
M12_HT05102012-01,2013,green
M12_HT06012013-02,2013,green
M12_HT08012013-02,2013,green
M12_HT11112010-03,2011,purple
M12_HT12012013-01,2013,green
M12_HT14022013-04,2013,green
M12_HT15032013-02,2013,green
M12_HT18012013-02,2013,green
M12_HT19012011-03,2011,purple
M12_HT19072012-01,2012,blue
M12_HT22072012-01,2012,blue
M12_HT23112012-01,2013,green
M12_HT24092011-01,2012,blue
M12_HT25042010-01,2010,gray
M12_HT26092011-01,2012,blue
M12_HT27092011-01,2012,blue
M12_HT28092010-01,2011,purple
M12_HT28092010-02,2011,purple
M12_HT29032010-01,2010,gray
M12_HT31072012-01,2012,blue
M14_HAM14-053-D0,2014,yellow
M14_HAM14-056-D0,2014,yellow
M14_HAM14-064-D0,2014,yellow
M14_HAM14-068-D0,2014,yellow
M14_HAM14-076-D0,2014,yellow
M14_HAM14-079-D0,2014,yellow
M14_HAM14-112-D0,2014,yellow
M14_HAM14-127-D0,2014,yellow
M14_HAM14-129-D0,2014,yellow
M14_HAM14-143-D0,2014,yellow
M14_HAM14-144-D0,2014,yellow
M14_HAM14-268-D0,2014,yellow
M14_HAM14-447-D0,2014,yellow
M14_HAM15-111-D0,2015,pink
M14_HAM15-622-D0,2015,pink
M14_HAM16-068-D0,2016,red
M14_HAM16-083-D0,2016,red
M14_HAM16-110-D0,2016,red
M14_HAM16-112-D0,2016,red
M14_HAM16-167-D0,2016,red
M14_HAM16-169-D0,2016,red
M14_HAM16-185-D0,2016,red
M14_HAM16-190-D0,2016,red
M14_HT02062010-04,2010,gray
M14_HT03042011-01,2011,purple
M14_HT05012011-04,2011,purple
M14_HT06122010-01,2011,purple
M14_HT07042013-02,2013,green
M14_HT08102010-03,2011,purple
M14_HT09032011-04,2011,purple
M14_HT10022012-01,2012,blue
M14_HT10022012-03,2012,blue
M14_HT12012011-01,2011,purple
M14_HT12032012-02,2012,blue
M14_HT13032013-01,2013,green
M14_HT13072012-10,2012,blue
M14_HT15012011-01,2011,purple
M14_HT16042011-06,2011,purple
M14_HT17052012-08,2012,blue
M14_HT18042011-07,2011,purple
M14_HT19022012-01,2012,blue
M14_HT19022012-08,2012,blue
M14_HT19052012-14,2012,blue
M14_HT22012013-09,2013,green
M14_HT23022012-02,2012,blue
M14_HT24042013-02,2013,green
M14_HT28012011-01,2011,purple
M14_HT29012011-06,2011,purple
M14_HT29032012-02,2012,blue
M14_HT29062010-01,2010,gray
MH-02-AC_HAM15-000230,2015,pink
MH-02-AC_HAM15-000565,2015,pink
MH-02-AC_HAM15-000570,2015,pink
MH-02-AC_HAM15-000608,2015,pink
MH-02-AC_HAM15-000624,2015,pink
MH-02-AC_HAM15-000632,2015,pink
MH-02-AC_HAM15-000635,2015,pink
MH-02-AC_HAM15-000648,2015,pink
MH-02-AC_HAM15-000651,2015,pink
MH-02-AC_HAM15-000657,2015,pink
MH-02-AC_HAM15-000659,2015,pink
MH-02-AC_HAM15-000661,2015,pink
MH-02-AC_HAM15-000662,2015,pink
MH-02-AC_HAM15-000673,2015,pink
MH-02-AC_HAM15-000682,2016,red
MH-02-AC_HAM15-000686,2016,red
MH-02-AC_HAM15-000688,2016,red
MH-02-AC_HAM15-000690,2016,red
MH-02-AC_HAM15-000692,2016,red
MH-02-AC_HAM15-000702,2016,red
MH-02-AC_HAM15-000703,2016,red
MH-02-AC_HAM15-000705,2016,red
MH-02-AC_HAM15-000706,2016,red
MH-02-AC_HAM15-000708,2016,red
MH-02-AC_HAM15-000721,2016,red
MH-02-AC_HAM15-000726,2016,red
MH-02-AC_HAM15-000729,2016,red
MH-02-AC_HAM15-000731,2016,red
MH-02-AC_HAM15-000736,2016,red
MH-02-AC_HAM15-000737,2016,red
MH-02-AC_HAM15-000738,2016,red
MH-02-AC_HAM15-000740,2016,red
MH-02-AC_HAM15-000741,2016,red
MH-02-AC_HAM15-000752,2016,red
MH-02-AC_HAM15-000753,2016,red
MH-02-AC_HAM15-000755,2016,red
MH-02-AC_HAM15-000757,2016,red
MH-02-AC_HAM15-000758,2016,red
MH-02-AC_HAM15-000760,2016,red
MH-02-AC_HAM15-000762,2016,red
MH-02-AC_HAM15-000765,2016,red
MH-02-AC_HAM15-000769,2016,red
MH-02-AC_HAM15-000771,2016,red
MH-02-AC_HAM15-000774,2016,red
MH-02-AC_HAM15-000775,2016,red
MH-02-AC_HAM15-000776,2016,red
MH-02-AC_HAM15-000777,2016,red
MH-02-AC_HAM15-000778,2016,red
MH-02-AC_HAM15-000782,2016,red
MH-02-AC_HAM15-000784,2016,red
MH-03-AC_2005-123,2005,black
MH-03-AC_2005-200,2005,black
MH-03-AC_2005-203,2005,black
MH-03-AC_2005-229,2005,black
MH-03-AC_2005-271,2005,black
MH-03-AC_HAM15-000136,2015,pink
MH-03-AC_HAM15-000163,2015,pink
MH-03-AC_HAM15-000173,2015,pink
MH-03-AC_HAM15-000189,2015,pink
MH-03-AC_HAM15-000265,2015,pink
MH-03-AC_HAM15-000375,2015,pink
MH-03-AC_HAM15-000381,2015,pink
MH-03-AC_HAM15-000396,2015,pink
MH-03-AC_HAM15-000414,2015,pink
MH-03-AC_HAM15-000419,2015,pink
MH-03-AC_HAM15-000483,2015,pink
MH-03-AC_HAM15-000518,2015,pink
MH-03-AC_HAM15-000548,2015,pink
MH-03-AC_HAM15-000572,2015,pink
MH-03-AC_HAM15-000593,2015,pink
MH-03-AC_HAM15-000612,2015,pink
MH-03-AC_HAM15-000634,2015,pink
MH-03-AC_HAM15-000637,2015,pink
MH-03-AC_HAM15-000658,2015,pink
MH-03-AC_HAM15-000660,2015,pink
MH-03-AC_HAM15-000668,2015,pink
MH-03-AC_HAM15-000680,2016,red
MH-03-AC_HAM15-000683,2016,red
MH-03-AC_HAM15-000689,2016,red
MH-03-AC_HAM15-000693,2016,red
MH-03-AC_HAM15-000694,2016,red
MH-03-AC_HAM15-000698,2016,red
MH-03-AC_HAM15-000710,2016,red
MH-03-AC_HAM15-000711,2016,red
MH-03-AC_HAM15-000713,2016,red
MH-03-AC_HAM15-000716,2016,red
MH-03-AC_HAM15-000717,2016,red
MH-03-AC_HAM15-000719,2016,red
MH-03-AC_HAM15-000728,2016,red
MH-03-AC_HAM15-000733,2016,red
MH-03-AC_HAM15-000751,2016,red
MH-03-AC_HAM15-000759,2016,red
MH-03-AC_HAM15-000770,2016,red
MH-03-AC_HAM15-000781,2016,red
MH-04-AC_HAM14-000067,2014,yellow
MH-04-AC_HAM14-000075,2014,yellow
MH-04-AC_HAM14-000103,2014,yellow
MH-04-AC_HAM14-000145,2014,yellow
MH-04-AC_HAM14-000169,2014,yellow
MH-04-AC_HAM14-000193,2014,yellow
MH-04-AC_HAM14-000200,2014,yellow
MH-04-AC_HAM14-000204,2014,yellow
MH-04-AC_HAM14-000206,2014,yellow
MH-04-AC_HAM14-000210,2014,yellow
MH-04-AC_HAM14-000213,2014,yellow
MH-04-AC_HAM14-000220,2014,yellow
MH-04-AC_HAM14-000228,2014,yellow
MH-04-AC_HAM14-000260,2014,yellow
MH-04-AC_HAM14-000261,2014,yellow
MH-04-AC_HAM14-000263,2014,yellow
MH-04-AC_HAM14-000272,2014,yellow
MH-04-AC_HAM14-000298,2014,yellow
MH-04-AC_HAM14-000303,2014,yellow
MH-04-AC_HAM14-000310,2014,yellow
MH-04-AC_HAM14-000316,2014,yellow
MH-04-AC_HAM14-000324,2014,yellow
MH-04-AC_HAM14-000328,2014,yellow
MH-04-AC_HAM14-000336,2014,yellow
MH-04-AC_HAM14-000352,2014,yellow
MH-04-AC_HAM14-000355,2014,yellow
MH-04-AC_HAM14-000390,2014,yellow
MH-04-AC_HAM14-000391,2014,yellow
MH-04-AC_HAM14-000408,2014,yellow
MH-04-AC_HAM14-000417,2014,yellow
MH-04-AC_HAM14-000421,2014,yellow
MH-04-AC_HAM14-000428,2014,yellow
MH-04-AC_HAM14-000455,2014,yellow
MH-04-AC_HAM14-000456,2014,yellow
MH-04-AC_HAM14-000478,2014,yellow
MH-04-AC_HAM14-000484,2014,yellow
MH-04-AC_HAM14-000488,2014,yellow
MH-04-AC_HAM14-000501,2014,yellow
MH-04-AC_HAM14-000503,2014,yellow
MH-04-AC_HAM14-000510,2014,yellow
MH-04-AC_HAM14-000512,2014,yellow
MH-04-AC_HAM14-000513,2014,yellow
MH-04-AC_HAM14-000515,2014,yellow
MH-04-AC_HAM14-000519,2014,yellow
MH-04-AC_HAM14-000520,2014,yellow
MH-04-AC_HAM14-000521,2014,yellow
MH-04-AC_HAM14-000522,2014,yellow
MH-04-AC_HAM14-000526,2014,yellow
MH-04-AC_HAM14-000530,2014,yellow
MH-04-AC_HAM14-000531,2014,yellow
MH-04-AC_HAM14-000532,2014,yellow
MH-04-AC_HAM14-000533,2014,yellow
MH-04-AC_HAM14-000541,2014,yellow
MH-04-AC_HAM14-000542,2014,yellow
MH-04-AC_HAM14-000544,2014,yellow
MH-04-AC_HAM14-000548,2015,pink
MH-04-AC_HAM14-000552,2015,pink
MH-04-AC_HAM14-000553,2015,pink
MH-04-AC_HAM14-000555,2015,pink
MH-04-AC_HAM14-000556,2015,pink
MH-04-AC_HAM14-000558,2015,pink
MH-04-AC_HAM14-000559,2015,pink
MH-04-AC_HAM14-000560,2015,pink
MH-04-AC_HAM14-000565,2015,pink
MH-04-AC_HAM14-000569,2015,pink
MH-04-AC_HAM14-000572,2015,pink
MH-04-AC_HAM14-000574,2015,pink
MH-04-AC_HAM14-000575,2015,pink
MH-04-AC_HAM14-000579,2015,pink
MH-04-AC_HAM14-000586,2015,pink
MH-04-AC_HAM14-000588,2015,pink
MH-04-AC_HAM14-000589,2015,pink
MH-04-AC_HAM14-000590,2015,pink
MH-04-AC_HAM14-000594,2015,pink
MH-04-AC_HAM14-000597,2015,pink
MH-04-AC_HAM14-000599,2015,pink
MH-04-AC_HAM14-000603,2015,pink
MH-04-AC_HAM14-000604,2015,pink
MH-04-AC_HAM14-000606,2015,pink
MH-04-AC_HAM14-000609,2015,pink
MH-04-AC_HAM14-000610,2015,pink
MH-04-AC_HAM14-000612,2015,pink
MH-05-AC_HAM14-000042,2014,yellow
MH-05-AC_HAM14-000065,2014,yellow
MH-05-AC_HAM14-000094,2014,yellow
MH-05-AC_HAM14-000096,2014,yellow
MH-05-AC_HAM14-000130,2014,yellow
MH-05-AC_HAM14-000236,2014,yellow
MH-05-AC_HAM14-000281,2014,yellow
MH-05-AC_HAM14-000451,2014,yellow
MH-05-AC_HAM14-000468,2014,yellow
MH-05-AC_HAM14-000469,2014,yellow
MH-05-AC_HAM14-000529,2014,yellow
MH-05-AC_HAM14-000534,2014,yellow
MH-05-AC_HAM14-000537,2014,yellow
MH-05-AC_HAM14-000540,2014,yellow
MH-05-AC_HAM14-000547,2015,pink
MH-05-AC_HAM14-000557,2015,pink
MH-05-AC_HAM14-000578,2015,pink
MH-05-AC_HAM14-000580,2015,pink
MH-05-AC_HAM14-000591,2015,pink
MH-05-AC_HAM14-000605,2015,pink
MH-05-AC_HAM14-000607,2015,pink
MH-05-AC_HAM14-000608,2015,pink
MH-05-AC_HT02062013-7,2013,green
MH-05-AC_HT03062013-27,2013,green
MH-05-AC_HT03122013-1,2014,yellow
MH-05-AC_HT06062013-15,2013,green
MH-05-AC_HT07062013-8,2013,green
MH-05-AC_HT09082013-1,2013,green
MH-05-AC_HT10122013-1,2014,yellow
MH-05-AC_HT11092013-1,2014,yellow
MH-05-AC_HT11102013-1,2014,yellow
MH-05-AC_HT11102013-2,2014,yellow
MH-05-AC_HT11122013-1,2014,yellow
MH-05-AC_HT13102013-1,2014,yellow
MH-05-AC_HT14112013-2,2014,yellow
MH-05-AC_HT17042013-11,2013,green
MH-05-AC_HT20052013-12,2013,green
MH-05-AC_HT20082013-2,2013,green
MH-05-AC_HT23052013-4,2013,green
MH-05-AC_HT25062013-2,2013,green
MH-05-AC_HT27042013-2,2013,green
MH-05-AC_HT28112013-2,2014,yellow
MH-05-AC_HT28112013-4,2014,yellow
MH-05-AC_HT30042013-1,2013,green
MH-05-AC_HT30072013-3,2013,green
MH-05-AC_HT31032013-3,2013,green
MH-06-AC_HT01032013-9,2013,green
MH-06-AC_HT01052013-1,2013,green
MH-06-AC_HT01062013-18,2013,green
MH-06-AC_HT01082013-2,2013,green
MH-06-AC_HT01122013-1,2014,yellow
MH-06-AC_HT01122013-2,2014,yellow
MH-06-AC_HT02072013-8,2013,green
MH-06-AC_HT02102013-3,2014,yellow
MH-06-AC_HT03062013-14,2013,green
MH-06-AC_HT03072013-1,2013,green
MH-06-AC_HT03072013-5,2013,green
MH-06-AC_HT03102013-1,2014,yellow
MH-06-AC_HT04122013-3,2014,yellow
MH-06-AC_HT05082013-3,2013,green
MH-06-AC_HT06062013-4,2013,green
MH-06-AC_HT06062013-9,2013,green
MH-06-AC_HT06122013-1,2014,yellow
MH-06-AC_HT07072013-2,2013,green
MH-06-AC_HT07082013-2,2013,green
MH-06-AC_HT07092013-2,2014,yellow
MH-06-AC_HT07092013-3,2014,yellow
MH-06-AC_HT07102013-1,2014,yellow
MH-06-AC_HT09122013-1,2014,yellow
MH-06-AC_HT10052013-5,2013,green
MH-06-AC_HT10072013-2,2013,green
MH-06-AC_HT12032013-1,2013,green
MH-06-AC_HT12052013-5,2013,green
MH-06-AC_HT12072013-7,2013,green
MH-06-AC_HT14102013-1,2014,yellow
MH-06-AC_HT14102013-3,2014,yellow
MH-06-AC_HT14112013-3,2014,yellow
MH-06-AC_HT15062013-7,2013,green
MH-06-AC_HT15072013-3,2013,green
MH-06-AC_HT15112013-1,2014,yellow
MH-06-AC_HT16022013-1,2013,green
MH-06-AC_HT16052013-17,2013,green
MH-06-AC_HT16092013-4,2014,yellow
MH-06-AC_HT16102013-1,2014,yellow
MH-06-AC_HT17062013-7,2013,green
MH-06-AC_HT18052013-3,2013,green
MH-06-AC_HT18092013-1,2014,yellow
MH-06-AC_HT18092013-2,2014,yellow
MH-06-AC_HT19032013-7,2013,green
MH-06-AC_HT19102013-3,2014,yellow
MH-06-AC_HT20022013-1,2013,green
MH-06-AC_HT20052013-13,2013,green
MH-06-AC_HT20082013-3,2013,green
MH-06-AC_HT20102013-2,2014,yellow
MH-06-AC_HT21032013-2,2013,green
MH-06-AC_HT21092013-1,2014,yellow
MH-06-AC_HT22042013-17,2013,green
MH-06-AC_HT23032013-3,2013,green
MH-06-AC_HT23082013-2,2013,green
MH-06-AC_HT23082013-5,2013,green
MH-06-AC_HT24052013-2,2013,green
MH-06-AC_HT25042013-6,2013,green
MH-06-AC_HT25072013-1,2013,green
MH-06-AC_HT26052013-2,2013,green
MH-06-AC_HT26082013-1,2013,green
MH-06-AC_HT26112013-4,2014,yellow
MH-06-AC_HT26122013-1,2014,yellow
MH-06-AC_HT29052013-4,2013,green
MH-06-AC_HT30032013-1,2013,green
MH-06-AC_HT31082013-2,2013,green
MH-07-AC_HT02082013-2,2013,green
MH-07-AC_HT02092013-1,2014,yellow
MH-07-AC_HT02122013-1,2014,yellow
MH-07-AC_HT02122013-2,2014,yellow
MH-07-AC_HT03062013-11,2013,green
MH-07-AC_HT03072013-2,2013,green
MH-07-AC_HT04032013-8,2013,green
MH-07-AC_HT04112013-2,2014,yellow
MH-07-AC_HT04122013-2,2014,yellow
MH-07-AC_HT05052013-3,2013,green
MH-07-AC_HT05082013-5,2013,green
MH-07-AC_HT06052013-9,2013,green
MH-07-AC_HT06102013-1,2014,yellow
MH-07-AC_HT09072013-4,2013,green
MH-07-AC_HT09092013-2,2014,yellow
MH-07-AC_HT09092013-4,2014,yellow
MH-07-AC_HT10092013-1,2014,yellow
MH-07-AC_HT10112013-4,2014,yellow
MH-07-AC_HT11022013-8,2013,green
MH-07-AC_HT11052013-5,2013,green
MH-07-AC_HT11072013-3,2013,green
MH-07-AC_HT11072013-4,2013,green
MH-07-AC_HT12052013-16,2013,green
MH-07-AC_HT12072013-1,2013,green
MH-07-AC_HT13022013-5,2013,green
MH-07-AC_HT13102013-2,2014,yellow
MH-07-AC_HT13122013-1,2014,yellow
MH-07-AC_HT14042013-3,2013,green
MH-07-AC_HT14112013-7,2014,yellow
MH-07-AC_HT14122013-1,2014,yellow
MH-07-AC_HT14122013-2,2014,yellow
MH-07-AC_HT15072013-2,2013,green
MH-07-AC_HT15102013-2,2014,yellow
MH-07-AC_HT15102013-5,2014,yellow
MH-07-AC_HT16052013-14,2013,green
MH-07-AC_HT16062013-12,2013,green
MH-07-AC_HT16062013-17,2013,green
MH-07-AC_HT16092013-1,2014,yellow
MH-07-AC_HT16092013-3,2014,yellow
MH-07-AC_HT17022013-5,2013,green
MH-07-AC_HT17062013-1,2013,green
MH-07-AC_HT17082013-1,2013,green
MH-07-AC_HT18022013-1,2013,green
MH-07-AC_HT18092013-3,2014,yellow
MH-07-AC_HT19052013-1,2013,green
MH-07-AC_HT19102013-1,2014,yellow
MH-07-AC_HT19112013-4,2014,yellow
MH-07-AC_HT20092013-1,2014,yellow
MH-07-AC_HT20102013-1,2014,yellow
MH-07-AC_HT21052013-7,2013,green
MH-07-AC_HT21112013-1,2014,yellow
MH-07-AC_HT21122013-1,2014,yellow
MH-07-AC_HT22052013-4,2013,green
MH-07-AC_HT22092013-2,2014,yellow
MH-07-AC_HT22112013-1,2014,yellow
MH-07-AC_HT23082013-1,2013,green
MH-07-AC_HT23092013-1,2014,yellow
MH-07-AC_HT24052013-1,2013,green
MH-07-AC_HT24062013-12,2013,green
MH-07-AC_HT24112013-1,2014,yellow
MH-07-AC_HT26052013-7,2013,green
MH-07-AC_HT26072013-3,2013,green
MH-07-AC_HT26102013-1,2014,yellow
MH-07-AC_HT29092013-3,2014,yellow
MH-07-AC_HT30042013-10,2013,green
MH-07-AC_HT30092013-1,2014,yellow
MH-07-AC_HT31082013-1,2013,green
MH-08-AC_HT01072012-11,2012,blue
MH-08-AC_HT01082012-3,2012,blue
MH-08-AC_HT01122012-6,2013,green
MH-08-AC_HT02082012-1,2012,blue
MH-08-AC_HT02082012-2,2012,blue
MH-08-AC_HT03082012-3,2012,blue
MH-08-AC_HT04062012-11,2012,blue
MH-08-AC_HT04062012-2,2012,blue
MH-08-AC_HT04062012-7,2012,blue
MH-08-AC_HT04122012-2,2013,green
MH-08-AC_HT04122012-8,2013,green
MH-08-AC_HT05082012-1,2012,blue
MH-08-AC_HT06082012-2,2012,blue
MH-08-AC_HT06122012-1,2013,green
MH-08-AC_HT06122012-2,2013,green
MH-08-AC_HT07082012-1,2012,blue
MH-08-AC_HT07082012-3,2012,blue
MH-08-AC_HT07092012-1,2013,green
MH-08-AC_HT09062012-12,2012,blue
MH-08-AC_HT09062012-19,2012,blue
MH-08-AC_HT09062012-6,2012,blue
MH-08-AC_HT10072012-2,2012,blue
MH-08-AC_HT10102012-1,2013,green
MH-08-AC_HT11062012-26,2012,blue
MH-08-AC_HT11062012-6,2012,blue
MH-08-AC_HT11092012-1,2013,green
MH-08-AC_HT11102012-1,2013,green
MH-08-AC_HT11112012-2,2013,green
MH-08-AC_HT12082012-1,2012,blue
MH-08-AC_HT12122012-3,2013,green
MH-08-AC_HT12122012-5,2013,green
MH-08-AC_HT13062012-2,2012,blue
MH-08-AC_HT13122012-3,2013,green
MH-08-AC_HT14062012-7,2012,blue
MH-08-AC_HT14082012-1,2012,blue
MH-08-AC_HT14122012-4,2013,green
MH-08-AC_HT15112012-2,2013,green
MH-08-AC_HT15122012-1,2013,green
MH-08-AC_HT15122012-4,2013,green
MH-08-AC_HT16062012-12,2012,blue
MH-08-AC_HT16072012-8,2012,blue
MH-08-AC_HT16082012-4,2012,blue
MH-08-AC_HT16102012-3,2013,green
MH-08-AC_HT17072012-11,2012,blue
MH-08-AC_HT17072012-19,2012,blue
MH-08-AC_HT17072012-2,2012,blue
MH-08-AC_HT17122012-2,2013,green
MH-08-AC_HT17122012-3,2013,green
MH-08-AC_HT18102012-2,2013,green
MH-08-AC_HT18102012-3,2013,green
MH-08-AC_HT20062012-26,2012,blue
MH-08-AC_HT20072012-5,2012,blue
MH-08-AC_HT20092012-1,2013,green
MH-08-AC_HT20092012-2,2013,green
MH-08-AC_HT20102012-1,2013,green
MH-08-AC_HT20102012-2,2013,green
MH-08-AC_HT20102012-3,2013,green
MH-08-AC_HT20112012-8,2013,green
MH-08-AC_HT21082012-1,2012,blue
MH-08-AC_HT21112012-2,2013,green
MH-08-AC_HT21112012-3,2013,green
MH-08-AC_HT22102012-2,2013,green
MH-08-AC_HT22102012-5,2013,green
MH-08-AC_HT22112012-3,2013,green
MH-08-AC_HT22112012-7,2013,green
MH-08-AC_HT22122012-4,2013,green
MH-08-AC_HT23102012-3,2013,green
MH-08-AC_HT23112012-3,2013,green
MH-08-AC_HT25112012-1,2013,green
MH-08-AC_HT25112012-6,2013,green
MH-08-AC_HT26062012-4,2012,blue
MH-08-AC_HT26092012-2,2013,green
MH-08-AC_HT26102012-1,2013,green
MH-08-AC_HT26102012-4,2013,green
MH-08-AC_HT26112012-4,2013,green
MH-08-AC_HT26112012-7,2013,green
MH-08-AC_HT27062012-5,2012,blue
MH-08-AC_HT27082012-2,2012,blue
MH-08-AC_HT28092012-3,2013,green
MH-08-AC_HT28112012-4,2013,green
MH-08-AC_HT29082012-2,2012,blue
MH-08-AC_HT29122012-4,2013,green
MH-09-AC_HT01062012-10,2012,blue
MH-09-AC_HT01062012-2,2012,blue
MH-09-AC_HT01072011-6,2011,purple
MH-09-AC_HT01072011-7,2011,purple
MH-09-AC_HT01122011-13,2012,blue
MH-09-AC_HT02042012-4,2012,blue
MH-09-AC_HT02052012-4,2012,blue
MH-09-AC_HT02062011-14,2011,purple
MH-09-AC_HT02062011-8,2011,purple
MH-09-AC_HT02062012-10,2012,blue
MH-09-AC_HT02062012-25,2012,blue
MH-09-AC_HT03032012-6,2012,blue
MH-09-AC_HT03052012-2,2012,blue
MH-09-AC_HT03062011-12,2011,purple
MH-09-AC_HT04062011-6,2011,purple
MH-09-AC_HT04072011-1,2011,purple
MH-09-AC_HT04072011-6,2011,purple
MH-09-AC_HT04122012-4,2013,green
MH-09-AC_HT05042012-2,2012,blue
MH-09-AC_HT05052012-2,2012,blue
MH-09-AC_HT05062011-1,2011,purple
MH-09-AC_HT05072011-4,2011,purple
MH-09-AC_HT06042012-3,2012,blue
MH-09-AC_HT06072011-1,2011,purple
MH-09-AC_HT07042012-1,2012,blue
MH-09-AC_HT07122011-12,2012,blue
MH-09-AC_HT07122011-2,2012,blue
MH-09-AC_HT07122011-7,2012,blue
MH-09-AC_HT08072011-2,2011,purple
MH-09-AC_HT08122011-6,2012,blue
MH-09-AC_HT10062011-2,2011,purple
MH-09-AC_HT10062011-4,2011,purple
MH-09-AC_HT11012012-9,2012,blue
MH-09-AC_HT11062011-7,2011,purple
MH-09-AC_HT11062011-8,2011,purple
MH-09-AC_HT11072011-1,2011,purple
MH-09-AC_HT11072011-3,2011,purple
MH-09-AC_HT12052012-11,2012,blue
MH-09-AC_HT13072011-4,2011,purple
MH-09-AC_HT13122011-10,2012,blue
MH-09-AC_HT14122012-7,2013,green
MH-09-AC_HT15032012-4,2012,blue
MH-09-AC_HT15042012-2,2012,blue
MH-09-AC_HT15052012-13,2012,blue
MH-09-AC_HT15062011-12,2011,purple
MH-09-AC_HT15122011-1,2012,blue
MH-09-AC_HT15122011-3,2012,blue
MH-09-AC_HT16052012-7,2012,blue
MH-09-AC_HT16062011-1,2011,purple
MH-09-AC_HT16072011-2,2011,purple
MH-09-AC_HT16072011-3,2011,purple
MH-09-AC_HT16102012-2,2013,green
MH-09-AC_HT17042012-1,2012,blue
MH-09-AC_HT18072011-2,2011,purple
MH-09-AC_HT18122011-5,2012,blue
MH-09-AC_HT19122011-5,2012,blue
MH-09-AC_HT20022012-9,2012,blue
MH-09-AC_HT21052010-4,2010,gray
MH-09-AC_HT21052010-8,2010,gray
MH-09-AC_HT22052012-10,2012,blue
MH-09-AC_HT22052012-16,2012,blue
MH-09-AC_HT22062011-1,2011,purple
MH-09-AC_HT23052012-14,2012,blue
MH-09-AC_HT23052012-5,2012,blue
MH-09-AC_HT23112012-2,2013,green
MH-09-AC_HT24052012-7,2012,blue
MH-09-AC_HT25042012-4,2012,blue
MH-09-AC_HT25042012-6,2012,blue
MH-09-AC_HT26052012-1,2012,blue
MH-09-AC_HT26072011-2,2011,purple
MH-09-AC_HT26122011-2,2012,blue
MH-09-AC_HT26122011-4,2012,blue
MH-09-AC_HT27032012-5,2012,blue
MH-09-AC_HT27072011-1,2011,purple
MH-09-AC_HT29052012-16,2012,blue
MH-09-AC_HT29052012-6,2012,blue
MH-09-AC_HT29062011-4,2011,purple
MH-09-AC_HT30052011-1,2011,purple
MH-09-AC_HT30052011-6,2011,purple
MH-11-AC_HT01062010-3,2010,gray
MH-11-AC_HT02072010-1,2010,gray
MH-11-AC_HT03112010-3,2011,purple
MH-11-AC_HT04032011-3,2011,purple
MH-11-AC_HT04062010-4,2010,gray
MH-11-AC_HT05062010-2,2010,gray
MH-11-AC_HT07062010-1,2010,gray
MH-11-AC_HT08032011-3,2011,purple
MH-11-AC_HT08082010-1,2010,gray
MH-11-AC_HT08112010-1,2011,purple
MH-11-AC_HT08112010-3,2011,purple
MH-11-AC_HT09102010-1,2011,purple
MH-11-AC_HT10052010-8,2010,gray
MH-11-AC_HT10052011-9,2011,purple
MH-11-AC_HT10112010-2,2011,purple
MH-11-AC_HT11072010-1,2010,gray
MH-11-AC_HT11072010-3,2010,gray
MH-11-AC_HT11092010-1,2011,purple
MH-11-AC_HT11102010-5,2011,purple
MH-11-AC_HT13102010-4,2011,purple
MH-11-AC_HT14102010-2,2011,purple
MH-11-AC_HT15072010-3,2010,gray
MH-11-AC_HT16032010-7,2010,gray
MH-11-AC_HT16042011-10,2011,purple
MH-11-AC_HT17062010-1,2010,gray
MH-11-AC_HT19032010-5,2010,gray
MH-11-AC_HT19092010-1,2011,purple
MH-11-AC_HT20102010-5,2011,purple
MH-11-AC_HT21062010-4,2010,gray
MH-11-AC_HT28032010-4,2010,gray
MH-11-AC_HT28052010-2,2010,gray
MH-11-AC_HT28072010-2,2010,gray
MH-11-AC_HT28092010-3,2011,purple
MH-12-AC_HT01062010-1,2010,gray
MH-12-AC_HT02062010-5,2010,gray
MH-12-AC_HT03042011-3,2011,purple
MH-12-AC_HT04092010-3,2011,purple
MH-12-AC_HT04112010-1,2011,purple
MH-12-AC_HT05052010-2,2010,gray
MH-12-AC_HT05072010-1,2010,gray
MH-12-AC_HT05102010-1,2011,purple
MH-12-AC_HT05102010-3,2011,purple
MH-12-AC_HT06052011-7,2011,purple
MH-12-AC_HT06112010-1,2011,purple
MH-12-AC_HT08042011-6,2011,purple
MH-12-AC_HT09032011-6,2011,purple
MH-12-AC_HT10052010-10,2010,gray
MH-12-AC_HT10052010-11,2010,gray
MH-12-AC_HT10082010-1,2010,gray
MH-12-AC_HT11052011-4,2011,purple
MH-12-AC_HT11112010-2,2011,purple
MH-12-AC_HT13052011-5,2011,purple
MH-12-AC_HT13072010-4,2010,gray
MH-12-AC_HT13102010-3,2011,purple
MH-12-AC_HT14102010-1,2011,purple
MH-12-AC_HT14122010-4,2011,purple
MH-12-AC_HT15122010-2,2011,purple
MH-12-AC_HT16022011-1,2011,purple
MH-12-AC_HT16022011-3,2011,purple
MH-12-AC_HT16052011-5,2011,purple
MH-12-AC_HT17062010-2,2010,gray
MH-12-AC_HT18042011-10,2011,purple
MH-12-AC_HT18082010-1,2010,gray
MH-12-AC_HT18102010-3,2011,purple
MH-12-AC_HT19032011-1,2011,purple
MH-12-AC_HT20052011-1,2011,purple
MH-12-AC_HT20102010-2,2011,purple
MH-12-AC_HT22042011-2,2011,purple
MH-12-AC_HT22042011-3,2011,purple
MH-12-AC_HT22072010-1,2010,gray
MH-12-AC_HT22102010-1,2011,purple
MH-12-AC_HT22102010-2,2011,purple
MH-12-AC_HT22102010-3,2011,purple
MH-12-AC_HT23022011-1,2011,purple
MH-12-AC_HT23062010-1,2010,gray
MH-12-AC_HT23072010-1,2010,gray
MH-12-AC_HT23122010-1,2011,purple
MH-12-AC_HT24052011-5,2011,purple
MH-12-AC_HT24122010-2,2011,purple
MH-12-AC_HT25012011-1,2011,purple
MH-12-AC_HT25052011-5,2011,purple
MH-12-AC_HT25052011-6,2011,purple
MH-12-AC_HT26022011-1,2011,purple
MH-12-AC_HT26032010-7,2010,gray
MH-12-AC_HT26032011-1,2011,purple
MH-12-AC_HT26032011-5,2011,purple
MH-12-AC_HT27042011-5,2011,purple
MH-12-AC_HT27112010-3,2011,purple
MH-12-AC_HT28032010-1,2010,gray
MH-12-AC_HT28062010-2,2010,gray
MH-12-AC_HT28072010-1,2010,gray
MH-12-AC_HT29102010-1,2011,purple
MH-12-AC_HT29112010-2,2011,purple
MH-12-AC_HT30042010-8,2010,gray
MH-13-AC_HT02062011-1,2011,purple
MH-13-AC_HT02122010-1,2011,purple
MH-13-AC_HT03012011-3,2011,purple
MH-13-AC_HT03032011-1,2011,purple
MH-13-AC_HT03052012-4,2012,blue
MH-13-AC_HT03112012-2,2013,green
MH-13-AC_HT04022011-7,2011,purple
MH-13-AC_HT04042011-7,2011,purple
MH-13-AC_HT05032011-4,2011,purple
MH-13-AC_HT05042011-1,2011,purple
MH-13-AC_HT06072011-2,2011,purple
MH-13-AC_HT06122011-3,2012,blue
MH-13-AC_HT08052011-5,2011,purple
MH-13-AC_HT08072011-5,2011,purple
MH-13-AC_HT08072011-6,2011,purple
MH-13-AC_HT08092012-1,2013,green
MH-13-AC_HT08122010-1,2011,purple
MH-13-AC_HT08122012-1,2013,green
MH-13-AC_HT11062010-3,2010,gray
MH-13-AC_HT11122012-3,2013,green
MH-13-AC_HT12052011-8,2011,purple
MH-13-AC_HT12122010-1,2011,purple
MH-13-AC_HT14042011-5,2011,purple
MH-13-AC_HT14122012-9,2013,green
MH-13-AC_HT15022011-2,2011,purple
MH-13-AC_HT15122011-11,2012,blue
MH-13-AC_HT15122011-9,2012,blue
MH-13-AC_HT16012011-1,2011,purple
MH-13-AC_HT16022011-2,2011,purple
MH-13-AC_HT16032011-3,2011,purple
MH-13-AC_HT16052011-1,2011,purple
MH-13-AC_HT16112010-1,2011,purple
MH-13-AC_HT16122011-3,2012,blue
MH-13-AC_HT17022011-2,2011,purple
MH-13-AC_HT17022011-3,2011,purple
MH-13-AC_HT17052011-4,2011,purple
MH-13-AC_HT17052011-5,2011,purple
MH-13-AC_HT18022011-1,2011,purple
MH-13-AC_HT18022011-4,2011,purple
MH-13-AC_HT19052012-7,2012,blue
MH-13-AC_HT19092012-1,2013,green
MH-13-AC_HT20072012-9,2012,blue
MH-13-AC_HT20092012-3,2013,green
MH-13-AC_HT21052010-6,2010,gray
MH-13-AC_HT22022011-1,2011,purple
MH-13-AC_HT22032011-2,2011,purple
MH-13-AC_HT22052012-22,2012,blue
MH-13-AC_HT26122010-2,2011,purple
MH-13-AC_HT28032011-1,2011,purple
MH-13-AC_HT28072011-2,2011,purple
MH-13-AC_HT28072012-3,2012,blue
MH-13-AC_HT29092010-2,2011,purple
MH-13-AC_HT30082010-2,2010,gray
